{
    "target1": [
        13.826859465682077,
        15.235362386369808,
        14.94774515025555,
        13.898334709660565,
        12.172937692641545
    ],
    "target2": [
        21.489956477217802,
        15.600529209490723,
        16.310209904192064,
        16.66011892037804,
        12.084605217834357
    ],
    "target4": [
        18.441101314411092,
        27.146188146659497,
        20.49581871564401,
        22.3821968634506,
        18.303471758691934
    ],
    "target1_mean": 14.01624788092191,
    "target1_std": 1.0771714142300337,
    "target2_mean": 16.429083945822597,
    "target2_std": 3.0080205233778647,
    "target4_mean": 21.35375535977143,
    "target4_std": 3.2598714219248217
}