{
    "target1": [
        13.059682946460168,
        14.17846317410833,
        5.025407110509422,
        12.282233460584402,
        20.38689991988488,
        20.01148528452587,
        9.823336188195407,
        28.986984481907164,
        15.304063387124252,
        10.995282847190603,
        18.13730173375095,
        9.463704082123616,
        24.14384117342495,
        23.498589116747034,
        15.435854766153021,
        7.861359643101218,
        14.78606987353605,
        1.9975827960194859,
        6.821568214857082,
        14.349675816210308,
        8.781037421265442,
        6.177572725844074,
        10.349596331417233,
        35.00318459701313,
        15.332242933351653,
        5.214720573286403,
        9.665172312190405,
        18.82355467227048,
        10.695146841478763,
        8.163307937618333
    ],
    "target2": [
        21.067089794814205,
        7.156056285966802,
        29.148915168227038,
        3.1813776935957687,
        29.619904323176375,
        37.75761709699134,
        23.729248877233562,
        31.77176749350831,
        4.402414010727658,
        11.503474673229038,
        7.191393837283986,
        11.695518024292559,
        28.2055057797613,
        18.568867587438184,
        9.804086875463543,
        17.2437668888312,
        8.514886277545248,
        7.1616114829044895,
        14.268070371945416,
        18.02790615232942,
        13.561395932924134,
        7.200860504227087,
        27.705688427059254,
        22.51744644112478,
        11.055576144702753,
        8.824253781927519,
        5.355274619113645,
        10.905277337779724,
        25.910859757483117,
        9.255968596891261
    ],
    "target4": [
        34.43055872286301,
        4.1273205933821275,
        26.190773165152564,
        10.8607410175983,
        18.93050009416956,
        15.141179067504778,
        55.8269981354496,
        30.34839763635625,
        16.2753042801864,
        45.089415310335845,
        1.4616163688441461,
        27.768069250879865,
        5.652740793209989,
        24.130670716013412,
        10.956539250291309,
        34.55064924463361,
        19.92539985060072,
        10.602621242013441,
        31.33170020010851,
        23.38094087627771,
        20.548384900837718,
        19.930447115520632,
        27.89042877998314,
        23.531311285293445,
        17.421530751614405,
        15.58802345965199,
        23.548155502311914,
        1.6577377213227817
    ],
    "target1_mean": 13.82516407873834,
    "target1_std": 7.2777854874734125,
    "target2_mean": 16.07706934128329,
    "target2_std": 9.34113105838775,
    "target4_mean": 21.324934119014546,
    "target4_std": 12.233453617691511
}