{
    "target1": [
        10.63332206422192,
        17.234430226636004,
        17.575901639636196,
        12.62233775123837,
        21.550263822951592,
        8.04051748749631,
        9.848313491166435,
        17.214020493200078,
        10.323490506704784,
        12.242991262117206
    ],
    "target2": [
        18.79362752757817,
        23.449725433034008,
        19.5346798028655,
        10.82271896213829,
        19.27966938222878,
        11.401438335356284,
        14.868559112950551,
        18.575075227780477,
        8.514139898866258,
        15.1734793431828
    ],
    "target4": [
        21.424894264901706,
        14.429722794895934,
        34.79999996952714,
        22.316810817867644,
        16.709954885327583,
        21.96646350817669,
        21.47995474321779,
        21.158190266504192,
        21.78001843578872,
        14.27926060297464
    ],
    "target1_mean": 13.72855887453689,
    "target1_std": 4.152546545759078,
    "target2_mean": 16.04131130259811,
    "target2_std": 4.462278646686776,
    "target4_mean": 21.034527028918202,
    "target4_std": 5.485269662809793
}