{
    "target1": [
        9.526105820160577,
        14.962084249616828,
        5.446606188408808,
        15.17121506583539,
        19.442429307054987,
        21.34343668860154,
        11.75150325487907,
        33.5284859797238,
        14.75604575602787,
        9.476502114386754,
        13.820424710933846,
        19.843221581327178,
        23.046053713615102,
        9.706058987170747,
        15.41348311931601,
        0.4577955906399875,
        9.099334375750317,
        5.188661009762494,
        6.902963041511064,
        12.478115907023474,
        6.76454268658683,
        8.032110416218698,
        10.63911175722931,
        39.22333073896329,
        8.392761245732132,
        7.871380470245789,
        10.279273693065809,
        23.47907443420384,
        8.738645265886806,
        14.880475742589486
    ],
    "target2": [
        14.919082148654821,
        12.379741321978912,
        30.28980074083616,
        3.2551947317449104,
        29.925092227246026,
        39.42991257978663,
        24.806368207375318,
        35.70312078320595,
        6.34843485344914,
        8.904032356599961,
        4.9251131319957375,
        10.987379543047512,
        31.72335060314644,
        21.898793204896222,
        11.225413344205357,
        14.539203823918601,
        12.37123764267227,
        3.3508409423394325,
        14.37958156098577,
        15.44734262361443,
        9.657172338397826,
        11.308328804808877,
        25.36701266836359,
        17.731604705984065,
        15.092539826566144,
        9.117662814448032,
        8.849216887132028,
        8.551270945179171,
        23.51605379200874,
        21.716118731718613
    ],
    "target4": [
        27.43278707647076,
        12.876422882240332,
        18.2476236185996,
        14.443778577450379,
        13.099590965798866,
        35.873820954274194,
        13.057844381593696,
        53.567263545976424,
        11.224322554817341,
        8.584680824229077,
        21.686974324076232,
        6.205204755771056,
        11.115168850430464,
        24.644842004460315,
        17.663347748432713,
        26.140373530946135,
        29.073472798154718,
        33.9998998972874,
        21.79110187804749,
        1.1759527593879964,
        24.793441920442238,
        14.013736954325411,
        5.017342931803383,
        10.038617013830295,
        12.20332751230359,
        17.59677728660932,
        18.85458381599403,
        3.4700474849737386,
        20.551550528218794,
        3.9942813173621823
    ],
    "target1_mean": 13.655374430415595,
    "target1_std": 8.152129100414381,
    "target2_mean": 16.590533929543554,
    "target2_std": 9.574907673181482,
    "target4_mean": 17.747939356476937,
    "target4_std": 10.988591279595841
}