{
    "target1": [
        10.494181916912437,
        16.25462370091573,
        6.1036977641255605,
        17.58851318616187,
        18.1170607053068,
        20.391059556396154,
        7.645241936603065,
        38.060840461418096,
        14.134201050397419,
        9.940422383654639,
        15.908188117608812,
        16.883361666333375,
        23.284782741706536,
        26.44194358101789,
        17.564081851540994,
        1.0808922837606623,
        10.49328154656305,
        5.002787396540438,
        9.74459174325333,
        13.246717685366542,
        7.343641405240646,
        12.63115478814376,
        11.723482179173297,
        39.53916865825111,
        9.811882493657716,
        7.214474247844935,
        8.098254768165663,
        19.230671353710328,
        8.042583897154088,
        12.745178103084264
    ],
    "target2": [
        7.832092358953892,
        11.320929331716792,
        28.68306249711816,
        7.427779506845079,
        28.991420697893567,
        36.580164051624386,
        16.87683498042416,
        39.005333432520246,
        5.672645286686262,
        5.675768697866766,
        8.25256748975477,
        11.830842692542932,
        28.392103697683474,
        28.791587944231082,
        10.695356199753144,
        12.916026495679207,
        11.866645583375435,
        3.3567729718566093,
        10.684993120900574,
        16.363089130544317,
        9.141859069122956,
        13.0638262550883,
        28.746333875406958,
        16.950586134158883,
        16.0155506633155,
        6.078313974736086,
        3.264898218539502,
        7.571993726215029,
        17.9093938586635,
        17.418011421560713
    ],
    "target4": [
        23.548890468230876,
        12.142538293325973,
        17.344000230109113,
        15.596813748988698,
        16.751821233230597,
        32.767046362857585,
        15.885009590418678,
        55.63659426984458,
        18.307660632794835,
        12.182127177319513,
        16.103716761784128,
        9.122653742681388,
        8.95719953393557,
        31.642277094104358,
        21.773226609293218,
        34.49589998529612,
        34.251732936381124,
        27.33882131631972,
        29.185289522865055,
        7.358412077669606,
        24.5828836103587,
        17.538747513921603,
        4.387783304180084,
        11.570845463891386,
        13.513826019239415,
        15.197225364474914,
        23.385430174216978,
        1.5211830965622979,
        19.34889734954604,
        1.1069876067898634
    ],
    "target1_mean": 14.49203210566697,
    "target1_std": 8.54378199496794,
    "target2_mean": 15.579226112159278,
    "target2_std": 9.741864178103885,
    "target4_mean": 19.084851369687733,
    "target4_std": 11.288311149780906
}