{
    "target1": [
        14.523299975644521,
        16.324627900971322,
        13.517231101675824,
        16.015861379716913,
        11.101257857593858
    ],
    "target2": [
        20.411254561654143,
        14.7648865297094,
        17.2104470544292,
        15.376445261816173,
        11.357983354558543
    ],
    "target4": [
        19.15883198378856,
        20.562436205305563,
        25.846335850571478,
        15.288881553589754,
        11.999453885784591
    ],
    "target1_mean": 14.296455643120487,
    "target1_std": 1.8940843128212983,
    "target2_mean": 15.824203352433491,
    "target2_std": 2.9743056636927228,
    "target4_mean": 18.571187895807988,
    "target4_std": 4.71591764115064
}