{
    "target1": [
        9.880744434538036,
        18.294667317705205,
        19.510955195574777,
        14.039280735631978,
        16.654659345693158,
        5.061874590296558,
        8.857981077845293,
        19.214906945730764,
        8.916987481811969,
        15.755724234780567
    ],
    "target2": [
        18.991096028544973,
        23.646746973199317,
        21.86634661531419,
        8.813654524233108,
        21.56316384335011,
        10.494098223013673,
        12.853223469632967,
        17.636534989669844,
        11.005674262991073,
        18.285106050266837
    ],
    "target4": [
        19.284496093387673,
        20.631813497858868,
        25.298126670166848,
        11.824844710144168,
        18.98581139281266,
        29.130451125125305,
        15.522310519450059,
        10.186624523413958,
        15.720031549551726,
        9.136411733357988
    ],
    "target1_mean": 13.618778135960833,
    "target1_std": 4.835533081360383,
    "target2_mean": 16.51556449802161,
    "target2_std": 5.048050177787149,
    "target4_mean": 17.572092181526926,
    "target4_std": 6.115133017234469
}