{
    "target1": [
        14.02234431679534,
        16.848060809268322,
        10.487301591201282,
        14.911141179117145,
        12.865222334244285
    ],
    "target2": [
        21.95022480236692,
        15.839523660939564,
        16.504999736879014,
        15.160290050538734,
        14.773087680922664
    ],
    "target4": [
        19.63059676359,
        18.565634498245135,
        23.464897727002,
        12.438094818111361,
        12.379521513209335
    ],
    "target1_mean": 13.826814046125275,
    "target1_std": 2.117495288251839,
    "target2_mean": 16.84562518632938,
    "target2_std": 2.619960665639985,
    "target4_mean": 17.29574906403157,
    "target4_std": 4.310188305082764
}