{
    "target1": [
        10.906684457071918,
        18.384244283301115,
        19.402756424331837,
        13.859613172836758,
        22.131688935641222,
        5.715758481720314,
        10.365822602379632,
        20.432265685347968,
        8.385725721440565,
        13.197677093985574
    ],
    "target2": [
        16.205677448421625,
        23.713758050020342,
        20.06432735565303,
        9.175779800964966,
        22.806778002470946,
        9.696151250244599,
        11.957169194307662,
        19.089131248061538,
        8.619054948968238,
        14.280012047941026
    ],
    "target4": [
        17.404681465505515,
        21.33373058729875,
        29.385205415629372,
        12.236807482607569,
        21.254384819506825,
        31.575462412445884,
        20.107960416919653,
        11.528392777960208,
        16.961430260135863,
        7.121494746067252
    ],
    "target1_mean": 14.27822368580569,
    "target1_std": 5.279429018711719,
    "target2_mean": 15.560783934705398,
    "target2_std": 5.386080710064045,
    "target4_mean": 18.89095503840769,
    "target4_std": 7.259458288435832
}