{
    "target1": [
        [
            16.666666666666664,
            66.66666666666666,
            100.0,
            100.0,
            100.0,
            100.0,
            100.0,
            100.0,
            100.0
        ],
        [
            33.33333333333333,
            50.0,
            83.33333333333334,
            83.33333333333334,
            100.0,
            100.0,
            100.0,
            100.0,
            100.0
        ],
        [
            33.33333333333333,
            50.0,
            66.66666666666666,
            100.0,
            100.0,
            100.0,
            100.0,
            100.0,
            100.0
        ],
        [
            50.0,
            83.33333333333334,
            83.33333333333334,
            83.33333333333334,
            83.33333333333334,
            83.33333333333334,
            100.0,
            100.0,
            100.0
        ],
        [
            33.33333333333333,
            66.66666666666666,
            100.0,
            100.0,
            100.0,
            100.0,
            100.0,
            100.0,
            100.0
        ]
    ],
    "target2": [
        [
            33.33333333333333,
            33.33333333333333,
            50.0,
            50.0,
            66.66666666666666,
            83.33333333333334,
            100.0,
            100.0,
            100.0
        ],
        [
            33.33333333333333,
            66.66666666666666,
            66.66666666666666,
            83.33333333333334,
            83.33333333333334,
            100.0,
            100.0,
            100.0,
            100.0
        ],
        [
            16.666666666666664,
            50.0,
            66.66666666666666,
            83.33333333333334,
            100.0,
            100.0,
            100.0,
            100.0,
            100.0
        ],
        [
            16.666666666666664,
            50.0,
            66.66666666666666,
            83.33333333333334,
            100.0,
            100.0,
            100.0,
            100.0,
            100.0
        ],
        [
            50.0,
            83.33333333333334,
            83.33333333333334,
            83.33333333333334,
            100.0,
            100.0,
            100.0,
            100.0,
            100.0
        ]
    ],
    "target4": [
        [
            16.666666666666664,
            33.33333333333333,
            50.0,
            66.66666666666666,
            66.66666666666666,
            83.33333333333334,
            83.33333333333334,
            83.33333333333334,
            83.33333333333334
        ],
        [
            16.666666666666664,
            16.666666666666664,
            50.0,
            50.0,
            50.0,
            66.66666666666666,
            66.66666666666666,
            83.33333333333334,
            83.33333333333334
        ],
        [
            16.666666666666664,
            33.33333333333333,
            33.33333333333333,
            50.0,
            66.66666666666666,
            66.66666666666666,
            83.33333333333334,
            83.33333333333334,
            83.33333333333334
        ],
        [
            0.0,
            16.666666666666664,
            16.666666666666664,
            83.33333333333334,
            83.33333333333334,
            100.0,
            100.0,
            100.0,
            100.0
        ],
        [
            16.666666666666664,
            33.33333333333333,
            50.0,
            83.33333333333334,
            100.0,
            100.0,
            100.0,
            100.0,
            100.0
        ]
    ],
    "target1_mean": [
        33.33333333333333,
        63.33333333333333,
        86.66666666666667,
        93.33333333333334,
        96.66666666666667,
        96.66666666666667,
        100.0,
        100.0,
        100.0
    ],
    "target1_std": [
        10.5409255338946,
        12.472191289246473,
        12.472191289246473,
        8.164965809277255,
        6.6666666666666625,
        6.6666666666666625,
        0.0,
        0.0,
        0.0
    ],
    "target2_mean": [
        29.999999999999993,
        56.66666666666667,
        66.66666666666666,
        76.66666666666667,
        90.0,
        96.66666666666667,
        100.0,
        100.0,
        100.0
    ],
    "target2_std": [
        12.472191289246473,
        16.99673171197595,
        10.540925533894601,
        13.333333333333336,
        13.333333333333336,
        6.666666666666663,
        0.0,
        0.0,
        0.0
    ],
    "target4_mean": [
        13.333333333333332,
        26.666666666666664,
        39.99999999999999,
        66.66666666666667,
        73.33333333333333,
        83.33333333333333,
        86.66666666666667,
        90.0,
        90.0
    ],
    "target4_std": [
        6.666666666666666,
        8.164965809277259,
        13.333333333333334,
        14.907119849998603,
        16.99673171197595,
        14.907119849998603,
        12.472191289246473,
        8.164965809277255,
        8.164965809277255
    ]
}