{
    "target1": [
        [
            33.33333333333333,
            100.0,
            100.0,
            100.0,
            100.0,
            100.0,
            100.0,
            100.0,
            100.0
        ],
        [
            0.0,
            33.33333333333333,
            66.66666666666666,
            100.0,
            100.0,
            100.0,
            100.0,
            100.0,
            100.0
        ],
        [
            33.33333333333333,
            66.66666666666666,
            66.66666666666666,
            66.66666666666666,
            100.0,
            100.0,
            100.0,
            100.0,
            100.0
        ],
        [
            33.33333333333333,
            66.66666666666666,
            100.0,
            100.0,
            100.0,
            100.0,
            100.0,
            100.0,
            100.0
        ],
        [
            0.0,
            0.0,
            33.33333333333333,
            100.0,
            100.0,
            100.0,
            100.0,
            100.0,
            100.0
        ],
        [
            66.66666666666666,
            100.0,
            100.0,
            100.0,
            100.0,
            100.0,
            100.0,
            100.0,
            100.0
        ],
        [
            66.66666666666666,
            100.0,
            100.0,
            100.0,
            100.0,
            100.0,
            100.0,
            100.0,
            100.0
        ],
        [
            33.33333333333333,
            66.66666666666666,
            66.66666666666666,
            66.66666666666666,
            66.66666666666666,
            66.66666666666666,
            100.0,
            100.0,
            100.0
        ],
        [
            66.66666666666666,
            66.66666666666666,
            100.0,
            100.0,
            100.0,
            100.0,
            100.0,
            100.0,
            100.0
        ],
        [
            33.33333333333333,
            66.66666666666666,
            100.0,
            100.0,
            100.0,
            100.0,
            100.0,
            100.0,
            100.0
        ]
    ],
    "target2": [
        [
            33.33333333333333,
            33.33333333333333,
            33.33333333333333,
            66.66666666666666,
            100.0,
            100.0,
            100.0,
            100.0,
            100.0
        ],
        [
            33.33333333333333,
            33.33333333333333,
            33.33333333333333,
            33.33333333333333,
            66.66666666666666,
            66.66666666666666,
            100.0,
            100.0,
            100.0
        ],
        [
            33.33333333333333,
            33.33333333333333,
            33.33333333333333,
            66.66666666666666,
            66.66666666666666,
            100.0,
            100.0,
            100.0,
            100.0
        ],
        [
            33.33333333333333,
            100.0,
            100.0,
            100.0,
            100.0,
            100.0,
            100.0,
            100.0,
            100.0
        ],
        [
            33.33333333333333,
            33.33333333333333,
            66.66666666666666,
            66.66666666666666,
            100.0,
            100.0,
            100.0,
            100.0,
            100.0
        ],
        [
            66.66666666666666,
            66.66666666666666,
            100.0,
            100.0,
            100.0,
            100.0,
            100.0,
            100.0,
            100.0
        ],
        [
            0.0,
            66.66666666666666,
            100.0,
            100.0,
            100.0,
            100.0,
            100.0,
            100.0,
            100.0
        ],
        [
            33.33333333333333,
            33.33333333333333,
            33.33333333333333,
            66.66666666666666,
            100.0,
            100.0,
            100.0,
            100.0,
            100.0
        ],
        [
            66.66666666666666,
            100.0,
            100.0,
            100.0,
            100.0,
            100.0,
            100.0,
            100.0,
            100.0
        ],
        [
            66.66666666666666,
            66.66666666666666,
            66.66666666666666,
            66.66666666666666,
            100.0,
            100.0,
            100.0,
            100.0,
            100.0
        ]
    ],
    "target4": [
        [
            33.33333333333333,
            33.33333333333333,
            33.33333333333333,
            33.33333333333333,
            66.66666666666666,
            100.0,
            100.0,
            100.0,
            100.0
        ],
        [
            0.0,
            33.33333333333333,
            66.66666666666666,
            66.66666666666666,
            66.66666666666666,
            66.66666666666666,
            66.66666666666666,
            66.66666666666666,
            66.66666666666666
        ],
        [
            0.0,
            0.0,
            33.33333333333333,
            33.33333333333333,
            33.33333333333333,
            66.66666666666666,
            66.66666666666666,
            66.66666666666666,
            66.66666666666666
        ],
        [
            33.33333333333333,
            33.33333333333333,
            66.66666666666666,
            66.66666666666666,
            66.66666666666666,
            66.66666666666666,
            66.66666666666666,
            66.66666666666666,
            100.0
        ],
        [
            33.33333333333333,
            33.33333333333333,
            33.33333333333333,
            33.33333333333333,
            66.66666666666666,
            66.66666666666666,
            66.66666666666666,
            66.66666666666666,
            66.66666666666666
        ],
        [
            33.33333333333333,
            33.33333333333333,
            33.33333333333333,
            66.66666666666666,
            66.66666666666666,
            66.66666666666666,
            100.0,
            100.0,
            100.0
        ],
        [
            0.0,
            33.33333333333333,
            33.33333333333333,
            66.66666666666666,
            66.66666666666666,
            100.0,
            100.0,
            100.0,
            100.0
        ],
        [
            0.0,
            0.0,
            0.0,
            100.0,
            100.0,
            100.0,
            100.0,
            100.0,
            100.0
        ],
        [
            0.0,
            0.0,
            33.33333333333333,
            66.66666666666666,
            100.0,
            100.0,
            100.0,
            100.0,
            100.0
        ],
        [
            33.33333333333333,
            33.33333333333333,
            66.66666666666666,
            100.0,
            100.0,
            100.0,
            100.0,
            100.0,
            100.0
        ]
    ],
    "target1_mean": [
        36.66666666666666,
        66.66666666666666,
        83.33333333333333,
        93.33333333333333,
        96.66666666666666,
        96.66666666666666,
        100.0,
        100.0,
        100.0
    ],
    "target1_std": [
        23.333333333333332,
        29.814239699997195,
        22.3606797749979,
        13.333333333333337,
        10.000000000000004,
        10.000000000000004,
        0.0,
        0.0,
        0.0
    ],
    "target2_mean": [
        39.999999999999986,
        56.666666666666664,
        66.66666666666666,
        76.66666666666666,
        93.33333333333333,
        96.66666666666666,
        100.0,
        100.0,
        100.0
    ],
    "target2_std": [
        19.999999999999996,
        26.034165586355517,
        29.8142396999972,
        21.343747458109497,
        13.333333333333337,
        10.000000000000004,
        0.0,
        0.0,
        0.0
    ],