{
    "target1": [
        [
            16.666666666666664,
            33.33333333333333,
            83.33333333333334,
            100.0,
            100.0,
            100.0,
            100.0,
            100.0,
            100.0
        ],
        [
            33.33333333333333,
            50.0,
            83.33333333333334,
            83.33333333333334,
            83.33333333333334,
            83.33333333333334,
            100.0,
            100.0,
            100.0
        ],
        [
            50.0,
            50.0,
            66.66666666666666,
            83.33333333333334,
            100.0,
            100.0,
            100.0,
            100.0,
            100.0
        ],
        [
            33.33333333333333,
            83.33333333333334,
            83.33333333333334,
            83.33333333333334,
            83.33333333333334,
            83.33333333333334,
            83.33333333333334,
            100.0,
            100.0
        ],
        [
            50.0,
            83.33333333333334,
            100.0,
            100.0,
            100.0,
            100.0,
            100.0,
            100.0,
            100.0
        ]
    ],
    "target2": [
        [
            33.33333333333333,
            50.0,
            50.0,
            50.0,
            66.66666666666666,
            83.33333333333334,
            100.0,
            100.0,
            100.0
        ],
        [
            50.0,
            66.66666666666666,
            83.33333333333334,
            83.33333333333334,
            83.33333333333334,
            83.33333333333334,
            100.0,
            100.0,
            100.0
        ],
        [
            33.33333333333333,
            66.66666666666666,
            66.66666666666666,
            66.66666666666666,
            83.33333333333334,
            100.0,
            100.0,
            100.0,
            100.0
        ],
        [
            33.33333333333333,
            50.0,
            83.33333333333334,
            83.33333333333334,
            100.0,
            100.0,
            100.0,
            100.0,
            100.0
        ],
        [
            50.0,
            66.66666666666666,
            100.0,
            100.0,
            100.0,
            100.0,
            100.0,
            100.0,
            100.0
        ]
    ],
    "target4": [
        [
            0.0,
            16.666666666666664,
            66.66666666666666,
            83.33333333333334,
            83.33333333333334,
            100.0,
            100.0,
            100.0,
            100.0
        ],
        [
            16.666666666666664,
            66.66666666666666,
            83.33333333333334,
            83.33333333333334,
            83.33333333333334,
            83.33333333333334,
            83.33333333333334,
            83.33333333333334,
            83.33333333333334
        ],
        [
            16.666666666666664,
            16.666666666666664,
            16.666666666666664,
            33.33333333333333,
            50.0,
            100.0,
            100.0,
            100.0,
            100.0
        ],
        [
            33.33333333333333,
            50.0,
            66.66666666666666,
            83.33333333333334,
            100.0,
            100.0,
            100.0,
            100.0,
            100.0
        ],
        [
            33.33333333333333,
            66.66666666666666,
            83.33333333333334,
            100.0,
            100.0,
            100.0,
            100.0,
            100.0,
            100.0
        ]
    ],
    "target1_mean": [
        36.666666666666664,
        60.0,
        83.33333333333334,
        90.0,
        93.33333333333334,
        93.33333333333334,
        96.66666666666667,
        100.0,
        100.0
    ],
    "target1_std": [
        12.472191289246473,
        20.000000000000004,
        10.540925533894601,
        8.164965809277255,
        8.164965809277255,
        8.164965809277255,
        6.6666666666666625,
        0.0,
        0.0
    ],
    "target2_mean": [
        40.0,
        60.0,
        76.66666666666667,
        76.66666666666667,
        86.66666666666667,
        93.33333333333334,
        100.0,
        100.0,
        100.0
    ],
    "target2_std": [
        8.164965809277263,
        8.164965809277255,
        16.99673171197595,
        16.99673171197595,
        12.472191289246473,
        8.164965809277255,
        0.0,
        0.0,
        0.0
    ],
    "target4_mean": [
        19.999999999999996,
        43.33333333333333,
        63.33333333333333,
        76.66666666666667,
        83.33333333333334,
        96.66666666666667,
        96.66666666666667,
        96.66666666666667,
        96.66666666666667
    ],
    "target4_std": [
        12.472191289246469,
        22.607766610417556,
        24.494897427831784,
        22.607766610417563,
        18.257418583505537,
        6.666666666666663,
        6.666666666666663,
        6.666666666666663,
        6.666666666666663
    ]
}