{
    "target1": [
        [
            66.66666666666666,
            100.0,
            100.0,
            100.0,
            100.0,
            100.0,
            100.0,
            100.0,
            100.0
        ],
        [
            0.0,
            0.0,
            66.66666666666666,
            100.0,
            100.0,
            100.0,
            100.0,
            100.0,
            100.0
        ],
        [
            0.0,
            66.66666666666666,
            66.66666666666666,
            66.66666666666666,
            66.66666666666666,
            100.0,
            100.0,
            100.0,
            100.0
        ],
        [
            33.33333333333333,
            66.66666666666666,
            100.0,
            100.0,
            100.0,
            100.0,
            100.0,
            100.0,
            100.0
        ],
        [
            33.33333333333333,
            33.33333333333333,
            66.66666666666666,
            100.0,
            100.0,
            100.0,
            100.0,
            100.0,
            100.0
        ],
        [
            100.0,
            100.0,
            100.0,
            100.0,
            100.0,
            100.0,
            100.0,
            100.0,
            100.0
        ],
        [
            66.66666666666666,
            100.0,
            100.0,
            100.0,
            100.0,
            100.0,
            100.0,
            100.0,
            100.0
        ],
        [
            33.33333333333333,
            66.66666666666666,
            66.66666666666666,
            66.66666666666666,
            66.66666666666666,
            66.66666666666666,
            100.0,
            100.0,
            100.0
        ],
        [
            66.66666666666666,
            100.0,
            100.0,
            100.0,
            100.0,
            100.0,
            100.0,
            100.0,
            100.0
        ],
        [
            33.33333333333333,
            66.66666666666666,
            66.66666666666666,
            100.0,
            100.0,
            100.0,
            100.0,
            100.0,
            100.0
        ]
    ],
    "target2": [
        [
            0.0,
            66.66666666666666,
            66.66666666666666,
            66.66666666666666,
            66.66666666666666,
            100.0,
            100.0,
            100.0,
            100.0
        ],
        [
            33.33333333333333,
            33.33333333333333,
            33.33333333333333,
            33.33333333333333,
            66.66666666666666,
            66.66666666666666,
            100.0,
            100.0,
            100.0
        ],
        [
            33.33333333333333,
            33.33333333333333,
            33.33333333333333,
            66.66666666666666,
            66.66666666666666,
            66.66666666666666,
            100.0,
            100.0,
            100.0
        ],
        [
            66.66666666666666,
            100.0,
            100.0,
            100.0,
            100.0,
            100.0,
            100.0,
            100.0,
            100.0
        ],
        [
            33.33333333333333,
            33.33333333333333,
            33.33333333333333,
            66.66666666666666,
            66.66666666666666,
            100.0,
            100.0,
            100.0,
            100.0
        ],
        [
            33.33333333333333,
            66.66666666666666,
            100.0,
            100.0,
            100.0,
            100.0,
            100.0,
            100.0,
            100.0
        ],
        [
            33.33333333333333,
            66.66666666666666,
            100.0,
            100.0,
            100.0,
            100.0,
            100.0,
            100.0,
            100.0
        ],
        [
            0.0,
            33.33333333333333,
            66.66666666666666,
            100.0,
            100.0,
            100.0,
            100.0,
            100.0,
            100.0
        ],
        [
            66.66666666666666,
            100.0,
            100.0,
            100.0,
            100.0,
            100.0,
            100.0,
            100.0,
            100.0
        ],
        [
            33.33333333333333,
            33.33333333333333,
            33.33333333333333,
            100.0,
            100.0,
            100.0,
            100.0,
            100.0,
            100.0
        ]
    ],
    "target4": [
        [
            0.0,
            33.33333333333333,
            66.66666666666666,
            66.66666666666666,
            100.0,
            100.0,
            100.0,
            100.0,
            100.0
        ],
        [
            0.0,
            66.66666666666666,
            66.66666666666666,
            66.66666666666666,
            66.66666666666666,
            66.66666666666666,
            100.0,
            100.0,
            100.0
        ],
        [
            0.0,
            66.66666666666666,
            66.66666666666666,
            66.66666666666666,
            66.66666666666666,
            66.66666666666666,
            66.66666666666666,
            66.66666666666666,
            66.66666666666666
        ],
        [
            66.66666666666666,
            66.66666666666666,
            66.66666666666666,
            100.0,
            100.0,
            100.0,
            100.0,
            100.0,
            100.0
        ],
        [
            0.0,
            33.33333333333333,
            66.66666666666666,
            66.66666666666666,
            100.0,
            100.0,
            100.0,
            100.0,
            100.0
        ],
        [
            0.0,
            0.0,
            0.0,
            0.0,
            66.66666666666666,
            100.0,
            100.0,
            100.0,
            100.0
        ],
        [
            33.33333333333333,
            33.33333333333333,
            33.33333333333333,
            100.0,
            100.0,
            100.0,
            100.0,
            100.0,
            100.0
        ],
        [
            33.33333333333333,
            100.0,
            100.0,
            100.0,
            100.0,
            100.0,
            100.0,
            100.0,
            100.0
        ],
        [
            0.0,
            33.33333333333333,
            100.0,
            100.0,
            100.0,
            100.0,
            100.0,
            100.0,
            100.0
        ],
        [
            66.66666666666666,
            66.66666666666666,
            66.66666666666666,
            100.0,
            100.0,
            100.0,
            100.0,
            100.0,
            100.0
        ]
    ],
    "target1_mean": [
        43.33333333333333,
        69.99999999999999,
        83.33333333333333,
        93.33333333333333,
        93.33333333333333,
        96.66666666666666,
        100.0,
        100.0,
        100.0
    ],
    "target1_std": [
        29.999999999999996,
        31.446603773522018,
        16.66666666666667,
        13.333333333333337,
        13.333333333333337,
        10.000000000000004,
        0.0,
        0.0,
        0.0
    ],
    "target2_mean": [
        33.33333333333332,
        56.666666666666664,
        66.66666666666666,
        83.33333333333333,
        86.66666666666666,
        93.33333333333333,
        100.0,
        100.0,
        100.0
    ],
    "target2_std": [
        21.08185106778919,
        26.034165586355517,
        29.8142396999972,
        22.3606797749979,
        16.32993161855452,
        13.333333333333337,
        0.0,
        0.0,
        0.0
    ],
    "target4_mean": [
        19.999999999999996,
        49.999999999999986,
        63.333333333333314,
        76.66666666666666,
        90.0,
        93.33333333333333,
        96.66666666666666,
        96.66666666666666,
        96.66666666666666
    ],