{
    "target1": [
        [
            33.33333333333333,
            66.66666666666666,
            100.0,
            100.0,
            100.0,
            100.0,
            100.0,
            100.0,
            100.0
        ],
        [
            0.0,
            0.0,
            100.0,
            100.0,
            100.0,
            100.0,
            100.0,
            100.0,
            100.0
        ],
        [
            33.33333333333333,
            66.66666666666666,
            66.66666666666666,
            66.66666666666666,
            66.66666666666666,
            66.66666666666666,
            100.0,
            100.0,
            100.0
        ],
        [
            33.33333333333333,
            33.33333333333333,
            100.0,
            100.0,
            100.0,
            100.0,
            100.0,
            100.0,
            100.0
        ],
        [
            0.0,
            0.0,
            33.33333333333333,
            66.66666666666666,
            100.0,
            100.0,
            100.0,
            100.0,
            100.0
        ],
        [
            66.66666666666666,
            100.0,
            100.0,
            100.0,
            100.0,
            100.0,
            100.0,
            100.0,
            100.0
        ],
        [
            66.66666666666666,
            100.0,
            100.0,
            100.0,
            100.0,
            100.0,
            100.0,
            100.0,
            100.0
        ],
        [
            33.33333333333333,
            66.66666666666666,
            66.66666666666666,
            66.66666666666666,
            66.66666666666666,
            66.66666666666666,
            100.0,
            100.0,
            100.0
        ],
        [
            100.0,
            100.0,
            100.0,
            100.0,
            100.0,
            100.0,
            100.0,
            100.0,
            100.0
        ],
        [
            33.33333333333333,
            66.66666666666666,
            100.0,
            100.0,
            100.0,
            100.0,
            100.0,
            100.0,
            100.0
        ]
    ],
    "target2": [
        [
            33.33333333333333,
            66.66666666666666,
            66.66666666666666,
            66.66666666666666,
            100.0,
            100.0,
            100.0,
            100.0,
            100.0
        ],
        [
            33.33333333333333,
            33.33333333333333,
            33.33333333333333,
            33.33333333333333,
            66.66666666666666,
            66.66666666666666,
            100.0,
            100.0,
            100.0
        ],
        [
            33.33333333333333,
            33.33333333333333,
            66.66666666666666,
            66.66666666666666,
            66.66666666666666,
            66.66666666666666,
            100.0,
            100.0,
            100.0
        ],
        [
            66.66666666666666,
            100.0,
            100.0,
            100.0,
            100.0,
            100.0,
            100.0,
            100.0,
            100.0
        ],
        [
            33.33333333333333,
            33.33333333333333,
            33.33333333333333,
            33.33333333333333,
            100.0,
            100.0,
            100.0,
            100.0,
            100.0
        ],
        [
            33.33333333333333,
            100.0,
            100.0,
            100.0,
            100.0,
            100.0,
            100.0,
            100.0,
            100.0
        ],
        [
            33.33333333333333,
            66.66666666666666,
            100.0,
            100.0,
            100.0,
            100.0,
            100.0,
            100.0,
            100.0
        ],
        [
            0.0,
            33.33333333333333,
            66.66666666666666,
            66.66666666666666,
            100.0,
            100.0,
            100.0,
            100.0,
            100.0
        ],
        [
            66.66666666666666,
            66.66666666666666,
            100.0,
            100.0,
            100.0,
            100.0,
            100.0,
            100.0,
            100.0
        ],
        [
            33.33333333333333,
            33.33333333333333,
            100.0,
            100.0,
            100.0,
            100.0,
            100.0,
            100.0,
            100.0
        ]
    ],
    "target4": [
        [
            0.0,
            33.33333333333333,
            66.66666666666666,
            100.0,
            100.0,
            100.0,
            100.0,
            100.0,
            100.0
        ],
        [
            0.0,
            0.0,
            66.66666666666666,
            66.66666666666666,
            66.66666666666666,
            100.0,
            100.0,
            100.0,
            100.0
        ],
        [
            0.0,
            33.33333333333333,
            66.66666666666666,
            66.66666666666666,
            66.66666666666666,
            66.66666666666666,
            66.66666666666666,
            66.66666666666666,
            66.66666666666666
        ],
        [
            33.33333333333333,
            66.66666666666666,
            100.0,
            100.0,
            100.0,
            100.0,
            100.0,
            100.0,
            100.0
        ],
        [
            33.33333333333333,
            33.33333333333333,
            33.33333333333333,
            66.66666666666666,
            66.66666666666666,
            100.0,
            100.0,
            100.0,
            100.0
        ],
        [
            0.0,
            0.0,
            0.0,
            0.0,
            33.33333333333333,
            100.0,
            100.0,
            100.0,
            100.0
        ],
        [
            33.33333333333333,
            33.33333333333333,
            33.33333333333333,
            66.66666666666666,
            100.0,
            100.0,
            100.0,
            100.0,
            100.0
        ],
        [
            33.33333333333333,
            66.66666666666666,
            100.0,
            100.0,
            100.0,
            100.0,
            100.0,
            100.0,
            100.0
        ],
        [
            0.0,
            33.33333333333333,
            66.66666666666666,
            100.0,
            100.0,
            100.0,
            100.0,
            100.0,
            100.0
        ],
        [
            66.66666666666666,
            66.66666666666666,
            100.0,
            100.0,
            100.0,
            100.0,
            100.0,
            100.0,
            100.0
        ]
    ],
    "target1_mean": [
        39.99999999999999,
        59.999999999999986,
        86.66666666666666,
        89.99999999999999,
        93.33333333333333,
        93.33333333333333,
        100.0,
        100.0,
        100.0
    ],
    "target1_std": [
        29.05932629027116,
        35.90109871423003,
        22.11083193570267,
        15.275252316519472,
        13.333333333333337,
        13.333333333333337,
        0.0,
        0.0,
        0.0
    ],
    "target2_mean": [
        36.66666666666666,
        56.666666666666664,
        76.66666666666666,
        76.66666666666666,
        93.33333333333333,
        93.33333333333333,
        100.0,
        100.0,
        100.0
    ],
    "target2_std": [
        17.950549357115012,
        26.034165586355517,
        26.03416558635552,
        26.03416558635552,
        13.333333333333337,
        13.333333333333337,
        0.0,
        0.0,
        0.0
    ],
    "target4_mean": [
        19.999999999999996,
        36.666666666666664,
        63.33333333333333,
        76.66666666666666,
        83.33333333333333,
        96.66666666666666,
        96.66666666666666,
        96.66666666666666,
        96.66666666666666
    ],