{
    "target1": [
        [
            33.33333333333333,
            66.66666666666666,
            83.33333333333334,
            100.0,
            100.0,
            100.0,
            100.0,
            100.0,
            100.0
        ],
        [
            16.666666666666664,
            66.66666666666666,
            66.66666666666666,
            83.33333333333334,
            83.33333333333334,
            100.0,
            100.0,
            100.0,
            100.0
        ],
        [
            66.66666666666666,
            83.33333333333334,
            83.33333333333334,
            100.0,
            100.0,
            100.0,
            100.0,
            100.0,
            100.0
        ],
        [
            50.0,
            83.33333333333334,
            83.33333333333334,
            83.33333333333334,
            83.33333333333334,
            83.33333333333334,
            100.0,
            100.0,
            100.0
        ],
        [
            50.0,
            66.66666666666666,
            83.33333333333334,
            100.0,
            100.0,
            100.0,
            100.0,
            100.0,
            100.0
        ]
    ],
    "target2": [
        [
            16.666666666666664,
            50.0,
            50.0,
            50.0,
            50.0,
            83.33333333333334,
            83.33333333333334,
            100.0,
            100.0
        ],
        [
            50.0,
            66.66666666666666,
            66.66666666666666,
            83.33333333333334,
            83.33333333333334,
            100.0,
            100.0,
            100.0,
            100.0
        ],
        [
            16.666666666666664,
            50.0,
            66.66666666666666,
            83.33333333333334,
            83.33333333333334,
            100.0,
            100.0,
            100.0,
            100.0
        ],
        [
            16.666666666666664,
            50.0,
            83.33333333333334,
            83.33333333333334,
            100.0,
            100.0,
            100.0,
            100.0,
            100.0
        ],
        [
            33.33333333333333,
            66.66666666666666,
            66.66666666666666,
            100.0,
            100.0,
            100.0,
            100.0,
            100.0,
            100.0
        ]
    ],
    "target4": [
        [
            0.0,
            50.0,
            66.66666666666666,
            66.66666666666666,
            83.33333333333334,
            83.33333333333334,
            100.0,
            100.0,
            100.0
        ],
        [
            33.33333333333333,
            66.66666666666666,
            66.66666666666666,
            83.33333333333334,
            83.33333333333334,
            83.33333333333334,
            83.33333333333334,
            83.33333333333334,
            83.33333333333334
        ],
        [
            0.0,
            16.666666666666664,
            33.33333333333333,
            50.0,
            83.33333333333334,
            100.0,
            100.0,
            100.0,
            100.0
        ],
        [
            50.0,
            66.66666666666666,
            66.66666666666666,
            100.0,
            100.0,
            100.0,
            100.0,
            100.0,
            100.0
        ],
        [
            33.33333333333333,
            50.0,
            83.33333333333334,
            100.0,
            100.0,
            100.0,
            100.0,
            100.0,
            100.0
        ]
    ],
    "target1_mean": [
        43.33333333333333,
        73.33333333333333,
        80.0,
        93.33333333333334,
        93.33333333333334,
        96.66666666666667,
        100.0,
        100.0,
        100.0
    ],
    "target1_std": [
        16.996731711975947,
        8.16496580927727,
        6.666666666666674,
        8.164965809277255,
        8.164965809277255,
        6.6666666666666625,
        0.0,
        0.0,
        0.0
    ],
    "target2_mean": [
        26.666666666666664,
        56.666666666666664,
        66.66666666666666,
        80.0,
        83.33333333333334,
        96.66666666666667,
        96.66666666666667,
        100.0,
        100.0
    ],
    "target2_std": [
        13.333333333333334,
        8.164965809277255,
        10.540925533894601,
        16.32993161855452,
        18.257418583505537,
        6.666666666666663,
        6.666666666666663,
        0.0,
        0.0
    ],
    "target4_mean": [
        23.333333333333332,
        49.99999999999999,
        63.33333333333333,
        80.0,
        90.0,
        93.33333333333334,
        96.66666666666667,
        96.66666666666667,
        96.66666666666667
    ],
    "target4_std": [
        20.0,
        18.257418583505537,
        16.329931618554525,
        19.436506316151004,
        8.164965809277255,
        8.164965809277255,
        6.666666666666663,
        6.666666666666663,
        6.666666666666663
    ]
}