{
    "target1": [
        0.6595565294356834,
        4.037704611443848,
        0.4941245125355996,
        0.4926709502169898,
        4.101400169158715,
        3.5431546655170227,
        3.8645259492237085,
        3.1076584109330323,
        1.131077803108961,
        1.6512664510514907,
        9.353387007050108,
        3.807955868848172,
        6.137780429206707,
        2.5484606846041147,
        1.052013853396226,
        2.899966060637212,
        2.357777091625119,
        0.0,
        3.0505496372467245,
        2.2971620593468436,
        2.227257327406191,
        2.0496312111455626,
        1.684161970949541,
        16.019440629434577,
        4.130257983413336,
        0.634072003965635,
        1.92714752660263,
        5.113505052422989,
        3.377284331080161,
        1.8523180223628763
    ],
    "target2": [
        9.984065619566648,
        1.7434558739461723,
        5.687169119329149,
        0.1765771707324745,
        12.489021908542865,
        13.144063004250727,
        6.828087554223594,
        6.758492487817126,
        0.6653498025591623,
        4.5481728225680005,
        0.24816193815720186,
        8.94208843068217,
        10.482905426899881,
        8.617507647830728,
        4.1077683462269405,
        3.562398949516545,
        2.4163590832134334,
        3.521432830557719,
        8.010024734003931,
        5.731863690724481,
        5.438318032675521,
        2.6135109462814663,
        6.287010999970437,
        11.51309836032802,
        1.1878010201570584,
        3.630859382131826,
        5.306265124433659,
        1.875245838085579,
        3.3363192154528,
        5.863585425659119
    ],
    "target4": [
        15.910102711047074,
        0.0,
        8.744140360572482,
        3.259388092026279,
        7.291347541993393,
        4.470807438485526,
        3.885652085498551,
        19.965092726720535,
        10.221465554306407,
        6.835998066224131,
        1.0232210031263618,
        20.077332169186793,
        0.9616366670443272,
        10.824116929524884,
        2.00218700479312,
        5.093619376914138,
        1.1410303881634742,
        4.986792522878445,
        24.73551073713862,
        5.081685043226081,
        7.708039283788879,
        11.959622140874226,
        16.301096346600552,
        17.244563314560622,
        5.4582097069910676,
        6.973308438110345,
        18.42351600128306,
        0.0
    ],
    "target1_mean": 3.186775626778993,
    "target1_std": 3.039324238860351,
    "target2_mean": 5.490566026217481,
    "target2_std": 3.569008059077944,
    "target4_mean": 8.592124344681405,
    "target4_std": 6.841595216871521
}