{
    "target1": [
        2.2214352397179766,
        3.8193119150359114,
        2.432689502220818,
        4.08033397190728,
        2.6629775049962565
    ],
    "target2": [
        6.980936614187935,
        4.6650588393345425,
        5.037404912351293,
        6.598971127330643,
        3.5333460009866733
    ],
    "target4": [
        9.982346931789307,
        8.730345459253178,
        7.2956234799873645,
        9.199794861683747,
        9.960719925224504
    ],
    "target1_mean": 3.0433496267756484,
    "target1_std": 0.7577052201550216,
    "target2_mean": 5.363143498838217,
    "target2_std": 1.2717005302446633,
    "target4_mean": 9.03376613158762,
    "target4_std": 0.9899311482096388
}