{
    "target1": [
        1.7304618844717103,
        2.7124085949642427,
        2.7010873877552335,
        4.93753644231659,
        3.1127979536875263,
        1.7525810507541104,
        2.2594670770198544,
        6.584411270509894,
        2.2304925046605333,
        3.4477024686220084
    ],
    "target2": [
        5.804896870947323,
        8.970584806788102,
        4.750643281533294,
        4.579474397135791,
        6.788987519326547,
        3.1667302877625656,
        6.393402152467978,
        6.804540102193307,
        3.3749751755741806,
        3.691716826399166
    ],
    "target4": [
        8.218081023873184,
        4.01445701725864,
        9.440517416901537,
        6.749308520968459,
        11.427822129388723,
        4.540824380386456,
        10.817341402867974,
        8.24978215596306,
        10.83860151405709,
        8.465608146464467
    ],
    "target1_mean": 3.1468946634761705,
    "target1_std": 1.451888477183394,
    "target2_mean": 5.432595142012826,
    "target2_std": 1.757630135463712,
    "target4_mean": 8.27623437081296,
    "target4_std": 2.4248400205715765
}