{
    "target1": [
        0.6595565294356834,
        4.037704611443848,
        0.4941245125355996,
        0.35795936863133304,
        4.101400169158715,
        3.5431546655170227,
        2.9786340834547227,
        3.5625463057159914,
        1.131077803108961,
        2.609497607173746,
        9.353387007050108,
        3.1079574837905533,
        6.20668317750388,
        2.5484606846041147,
        0.6521527472517583,
        0.0,
        1.6246864880461644,
        0.7146624814358798,
        4.085220104387236,
        2.2801526150921805,
        0.7193142876613385,
        3.0133515946369354,
        1.684161970949541,
        17.5102311105895,
        1.662478587007639,
        1.6663052841394117,
        1.1909211210730524,
        2.0258254708676544,
        3.377284331080161,
        1.8357230249845975
    ],
    "target2": [
        3.333109503974762,
        1.7434558739461723,
        5.687169119329149,
        0.1765771707324745,
        10.381320364642649,
        13.144063004250727,
        3.7950393360478327,
        6.758492487817126,
        0.6653498025591623,
        2.14128281046518,
        0.24816193815720186,
        4.432535713747187,
        10.482905426899881,
        6.89770801709198,
        5.057229947540592,
        3.6357061028894675,
        2.4163590832134334,
        4.109207704779524,
        6.408340744723677,
        3.7447948917693346,
        5.438318032675521,
        4.113605014393615,
        6.287010999970437,
        11.51309836032802,
        3.435629344970979,
        3.630859382131826,
        3.693370591725342,
        1.875245838085579,
        3.0848796539005954,
        1.1771227410415115
    ],
    "target4": [
        10.82844368692162,
        7.583159452466633,
        6.7672866658707305,
        9.2023205778419,
        6.0314963463113385,
        11.73852410984821,
        6.860669087841836,
        7.4808044585051885,
        9.560658559570726,
        9.094990933365287,
        0.42921717417523214,
        3.8325010082393645,
        5.182810013894199,
        4.029513938682169,
        5.614826976037583,
        14.577124699649234,
        5.165194726735092,
        1.5741188192393738,
        2.901831185717496,
        1.7393183449883645,
        5.329102428679239,
        5.081685043226081,
        0.0,
        1.7955334850266673,
        11.321107183764754,
        10.476670944466804,
        9.110795303402023,
        0.0,
        11.366027368743678,
        0.0
    ],
    "target1_mean": 2.9578205076109114,
    "target1_std": 3.297398089961887,
    "target2_mean": 4.650264966793364,
    "target2_std": 3.2084758478588493,
    "target4_mean": 6.155857750773694,
    "target4_std": 3.9576493196124782
}