{
    "target1": [
        1.5106097079931493,
        3.1002019084402535,
        2.2673135778378053,
        3.265640070434163,
        2.9516518570197956,
        0.7797829898273481,
        1.7568193971049038,
        7.081341430894869,
        1.5065683307400344,
        2.4129442756441377
    ],
    "target2": [
        4.395223829444988,
        7.730753188238309,
        4.750643281533294,
        3.297763589601973,
        9.08942936315189,
        3.3870909636274753,
        5.85950748937456,
        6.664930236586731,
        3.3620538686602655,
        3.7134070600082545
    ],
    "target4": [
        8.93234246014387,
        7.442757067476566,
        5.351860591138572,
        2.5853277738907043,
        4.554177081280677,
        7.313072384413168,
        4.158838874173292,
        1.5127568166717085,
        8.573940228781217,
        3.788675789581226
    ],
    "target1_mean": 2.663287354593646,
    "target1_std": 1.6556413689336764,
    "target2_mean": 5.225080287022775,
    "target2_std": 1.9351947245854022,
    "target4_mean": 5.4213749067551005,
    "target4_std": 2.413857765498574
}