{
    "target1": [
        0.0,
        4.037704611443848,
        0.4941245125355996,
        1.6560508906450224,
        4.101400169158715,
        3.5431546655170227,
        3.8645259492237085,
        1.8063369811807468,
        1.131077803108961,
        1.6512664510514907,
        5.037696276460445,
        3.1079574837905533,
        6.20668317750388,
        1.996119646303748,
        1.052013853396226,
        0.0,
        1.6246864880461644,
        0.7146624814358798,
        3.0505496372467245,
        1.5005942664066483,
        0.7193142876613385,
        2.0496312111455626,
        1.684161970949541,
        17.5102311105895,
        1.662478587007639,
        1.6663052841394117,
        1.1909211210730524,
        2.0258254708676544,
        3.377284331080161,
        1.8357230249845975
    ],
    "target2": [
        5.755046495059642,
        1.7434558739461723,
        5.687169119329149,
        0.0,
        10.381320364642649,
        12.810939200072278,
        6.828087554223594,
        6.758492487817126,
        0.6653498025591623,
        2.14128281046518,
        0.24816193815720186,
        7.503846020183536,
        13.59355049408435,
        8.617507647830728,
        5.057229947540592,
        3.6357061028894675,
        2.4163590832134334,
        4.109207704779524,
        6.408340744723677,
        5.731863690724481,
        5.438318032675521,
        4.050202703823726,
        6.287010999970437,
        11.51309836032802,
        1.1490370994153125,
        3.630859382131826,
        5.306265124433659,
        3.0035974578840507,
        3.3363192154528,
        1.2295957367958668
    ],
    "target4": [
        11.552225377719997,
        7.583159452466633,
        7.661642550244975,
        7.330359000555207,
        6.0314963463113385,
        11.73852410984821,
        3.8264738295232554,
        7.4808044585051885,
        4.748303485387275,
        7.283676121262194,
        0.47230720040991964,
        0.0,
        2.5184783082778224,
        5.529225959526626,
        1.7079800507674205,
        13.717756706740861,
        5.0463702805627655,
        3.1750901659358766,
        3.314964609854939,
        0.0,
        9.16155201266494,
        2.742736964988458,
        0.0,
        4.674601270247946,
        10.16677675657365,
        6.85122893196745,
        8.703814997802548,
        0.0,
        11.366027368743678,
        0.0
    ],
    "target1_mean": 2.676616058131795,
    "target1_std": 3.1053817962754398,
    "target2_mean": 5.167907373171771,
    "target2_std": 3.510661808360903,
    "target4_mean": 5.479519210562973,
    "target4_std": 3.9426565262255906
}