{
    "target1": [
        1.7304618844717103,
        2.66750473443569,
        2.557419397426558,
        5.023614032671468,
        3.135765536453251,
        0.7797829898273481,
        2.3615623357135855,
        7.081341430894869,
        1.5065683307400344,
        2.4129442756441377
    ],
    "target2": [
        3.5879114990833614,
        7.900653513208617,
        3.7396272088080402,
        3.7771777264348514,
        7.4792811305108176,
        3.3870909636274753,
        5.197151223056178,
        7.30457145823069,
        3.5866197729427154,
        2.0457494110092287
    ],
    "target4": [
        8.392963268419662,
        8.990780344667149,
        7.1400601216634145,
        4.452236371926627,
        4.942383642871317,
        7.56976414659452,
        3.3234173197950327,
        2.2924061760842496,
        9.918081001480827,
        3.788675789581226
    ],
    "target1_mean": 2.925696494827865,
    "target1_std": 1.747732253999645,
    "target2_mean": 4.800583390691197,
    "target2_std": 1.9472395252326917,
    "target4_mean": 6.081076818308403,
    "target4_std": 2.5106769453364044
}