{
    "target1": [
        2.1989833094537,
        3.497815160959806,
        1.9577742631402995,
        4.721451883304227,
        1.9597563031920862
    ],
    "target2": [
        5.771971479076979,
        3.0068103481322814,
        4.748318096272559,
        6.250861340643435,
        2.4415465378403187
    ],
    "target4": [
        8.84093112060578,
        6.510313966732968,
        5.859821031540819,
        3.287756378809854,
        6.853378395531027
    ],
    "target1_mean": 2.8671561840100237,
    "target1_std": 1.0893069629479382,
    "target2_mean": 4.443901560393114,
    "target2_std": 1.4964090064131403,
    "target4_mean": 6.2704401786440895,
    "target4_std": 1.7927515620067351
}