{
    "target1": [
        2.3054058082167015,
        2.7640063267003807,
        1.9323609411143163,
        4.467359786779923,
        2.0824607041136822
    ],
    "target2": [
        6.351543083274265,
        4.666992135347883,
        5.382930753478667,
        6.170294191977942,
        2.9426123360189194
    ],
    "target4": [
        8.187549763810217,
        3.968594182514638,
        5.282483578635229,
        3.3156424762927137,
        6.181308009181222
    ],
    "target1_mean": 2.710318713385001,
    "target1_std": 0.9223290225765015,
    "target2_mean": 5.102874500019535,
    "target2_std": 1.2356144696250442,
    "target4_mean": 5.387115602086803,
    "target4_std": 1.719728168207853
}